{
    "서울특별시" : {
        "종로구" : [    126.9773171,	37.59492045 ],
        "중구" : [      126.9959683,    37.56014287 ],
        "용산구" : [    126.9799076,	37.53138556 ],
        "성동구" : [    127.0410588,	37.55103004 ],
        "광진구" : [    127.0857458,	37.54672166 ],
        "동대문구" : [  127.0548482,	37.58195725 ],
        "중랑구" : [    127.0928839,	37.59781902 ],
        "성북구" : [    127.0175783,	37.60570143 ],
        "강북구" : [    127.0111848,	37.64347732 ],
        "도봉구" : [    127.032367,	    37.66910528 ],
        "노원구" : [    127.0750336,	37.65251633 ],
        "은평구" : [    126.9270283,	37.61921535 ],
        "서대문구" : [  126.9390632,	37.57778646 ],
        "마포구" : [    126.908264,	    37.55931222 ],
        "양천구" : [    126.8554792,	37.52478964 ],
        "강서구" : [    126.8228036,	37.56123594 ],
        "구로구" : [    126.8563021,	37.49440412 ],
        "금천구" : [    126.9008177,	37.46056912 ],
        "영등포구" : [  126.9101694,	37.52230985 ],
        "동작구" : [    126.9516402,	37.49887636 ],
        "관악구" : [    126.9453355,	37.46737656 ],
        "서초구" : [    127.0312084,	37.47329793 ],
        "강남구" : [    127.0629749,	37.49664584 ],
        "송파구" : [    127.1152911,	37.50562076 ],
        "강동구" : [    127.1470146,	37.55045136 ]
    },
    "부산광역시" : {
        "중구" :  [     129.0315402,	35.10547796 ],
        "서구" :  [     129.0149128,	35.10296452 ],
        "동구" :  [     129.0445861,	35.1291866 ],
        "영도구" :  [   129.0648202,	35.07865091 ],
        "부산진구" : [   129.0430601,	35.16524533 ],
        "동래구" :  [   129.0792188,	35.20621201 ],
        "남구" :  [     129.0940042,	35.12613858 ],
        "북구" :  [     129.0234651,	35.22925311 ],
        "해운대구" :  [ 129.1535891,	 35.19385742 ],
        "사하구" :  [   128.9743481,	35.0893528 ],
        "금정구" :  [   129.09153,	    35.25889463 ],
        "강서구" :  [   128.8924423,	35.13837168 ],
        "연제구" :  [   129.0829344,	35.18241804 ],
        "수영구" :  [   129.1111625,	35.16133249 ],
        "사상구" :  [   128.9865939,	35.15803505 ],
        "기장군" : [    129.224475,	    35.24135    ]
    },
    "대구광역시" : {
        "중구" : 	[   128.5936057, 	35.86653525 ],
        "동구" : 	[   128.6856499, 	35.93444401 ],
        "서구" : 	[   128.5496976, 	35.87500168 ],
        "남구" : 	[   128.5853297, 	35.83517828 ],
        "북구" : 	[   128.5772056, 	35.92892764 ],
        "수성구" : 	[   128.6612732, 	35.83384974 ],
        "달서구" : 	[   128.529204, 	35.82748641 ],
        "달성군" : 	[   128.4982969, 	35.7596109 ]
    },
    "인천광역시" : {
        "중구" : [      126.4828638,	37.46909379 ],
        "동구" : [      126.6395434,	37.48319411 ],
        "미추홀구" : [  126.6646576,	37.45259376 ],
        "연수구" : [    126.6494242,	37.39619493 ],
        "남동구" : [    126.7264666,	37.43135604 ],
        "부평구" : [    126.7212083,	37.49666082 ],
        "계양구" : [    126.7347032,	37.55729939 ],
        "서구" : [      126.6563686,	37.55783907 ],
        "남구" : [      126.6502972,	37.46369169 ],
        "강화군" : [    126.4020466,	37.71245904 ],
        "옹진군" : [    126.6388889,	37.443725   ]
    }, 
    "광주광역시" : {
        "동구" : [  	126.9494622,	35.11738405 ],
        "서구" : [  	126.8507245,	35.13569669 ],
        "남구" : [  	126.8567385,	35.09405737 ],
        "북구" : [  	126.9254668,	35.19324913 ],
        "광산구" : [    126.752903,     35.16504314 ],
    },
    "대전광역시" : {
        "동구" : [      127.4750627,    36.32396534 ],
        "중구" : [      127.4110567,    36.28087229 ],
        "서구" : [      127.3451254,    36.28026323 ],
        "유성구" : [    127.333298,	    36.37682167 ],
        "대덕구" : [    127.4401591,	36.41219042 ]
    },
    "울산광역시" : {
        "중구" : [	    129.3082427,	35.5710483 ],
        "남구" : [	    129.3281901,	35.51605166 ],
        "동구" : [	    129.4260695,	35.52558 ],
        "북구" : [	    129.3798015,	35.6100624 ],
        "울주군" : [	129.1868265,	35.54669692 ]
    },
    "세종특별자치시" : {
        "세종특별자치시" : [ 127.258722, 36.56072897 ]
    },
    "경기도" : {
        "수원시" : [	127.0122222,	37.30101111 ],
        "성남시" : [	127.1477194,	37.44749167 ],
        "의정부시" : [	127.0684277,	37.73619293 ],
        "안양시" : [	126.9533556,	37.3897 ],
        "부천시" : [	126.7887094,	37.5042629 ],
        "광명시" : [	126.8646995,	37.44516419 ],
        "평택시" : [	126.9877522,	37.0118376 ],
        "동두천시" : [	127.0779034,	37.91654298 ],
        "안산시" : [	126.8468194,	37.29851944 ],
        "고양시" : [	126.7770556,	37.65590833 ],
        "과천시" : [	127.0026802,	37.43384612 ],
        "구리시" : [	127.1312301,	37.59922784 ],
        "남양주시" : [	127.2436444,	37.66255685 ],
        "오산시" : [	127.0513236,	37.16329326 ],
        "시흥시" : [	126.7884122,	37.38940556 ],
        "군포시" : [	126.9211378,	37.34348472 ],
        "의왕시" : [	126.9896417,	37.36239655 ],
        "하남시" : [	127.205944,	    37.5228201 ],
        "용인시" : [	127.2038444,	37.23147778 ],
        "파주시" : [	126.8108037,	37.85624554 ],
        "이천시" : [	127.4809313,	37.2098301 ],
        "안성시" : [	127.3027607,	37.03502502 ],
        "김포시" : [	126.6263868,	37.68179015 ],
        "화성시" : [	126.8748706,	37.16523209 ],
        "광주시" : [	127.3011721,	37.40312001 ],
        "양주시" : [	127.0011552,	37.80869566 ],
        "포천시" : [	127.2504236,	37.96989231 ],
        "여주시" : [	127.6156731,	37.30250497 ],
        "가평군" : [	127.450192,	    37.81856681 ],
        "양평군" : [	127.5791946,	37.51803657 ],
        "연천군" : [    127.0770667,	38.09336389 ] 
    },
    "강원도" : {
        "춘천시" : [	127.7399546,	37.88984997 ],
        "원주시" : [	127.9295396,	37.30825853 ],
        "강릉시" : [	128.8322214,	37.70920125 ],
        "동해시" : [	129.055639,	    37.50672984 ],
        "태백시" : [	128.9800625,	37.17236519 ],
        "속초시" : [	128.5195498,	38.1760275 ],
        "삼척시" : [    129.1674889,	37.44708611 ],
        "홍천군" : [	128.074507,	    37.74486679 ],
        "횡성군" : [	128.0770646,	37.5091607 ],
        "영월군" : [	128.4999342,	37.20404507 ],
        "평창군" : [	128.4827677,	37.55699072 ],
        "정선군" : [	128.7390663,	37.37878577 ],
        "철원군" : [	127.398991,	    38.23902719 ],
        "화천군" : [	127.6852023,	38.13843323 ],
        "양구군" : [	128.000222,	    38.17567667 ],
        "인제군" : [	128.2647172,	38.06477754 ],
        "고성군" : [	128.4110731,	38.36284879 ],
        "양양군" : [	128.5949493,	38.00453158 ],
    },
    "충청북도" : {
        "청주시" : [	127.5117306, 	36.58399722 ],
        "충주시" : [	127.8955587, 	37.01523811 ],
        "제천시" : [	128.1409071, 	37.06007228 ],
        "보은군" : [	127.7293296, 	36.48995371 ],
        "옥천군" : [	127.6565891, 	36.32045893 ],
        "영동군" : [	127.8142658, 	36.15967356 ],
        "증평군" : [	127.6046043, 	36.78649107 ],
        "진천군" : [	127.4404342, 	36.87102031 ],
        "괴산군" : [	127.8295825, 	36.76968609 ],
        "음성군" : [	127.6141838, 	36.97625907 ],
        "단양군" : [	128.3878861, 	36.99451168 ]
    },
    "충청남도" : {
        "천안시" : [	127.1524667,	36.804125 ],
        "공주시" : [	127.0751478,	36.47990652 ],
        "보령시" : [	126.5942136,	36.34031922 ],
        "아산시" : [	126.980082,	    36.80735134 ],
        "서산시" : [	126.463562,	    36.78409691 ],
        "당진시" : [    126.6302528,	36.89075    ],
        "논산시" : [	127.1577061,	36.19090514 ],
        "계룡시" : [	127.2344204,	36.29160368 ],
        "금산군" : [	127.4782928,	36.11903032 ],
        "서천군" : [	126.7049244,	36.10661218 ],
        "청양군" : [	126.853086,	    36.43059194 ],
        "홍성군" : [	126.6258234,	36.57009036 ],
        "예산군" : [	126.7842651,	36.67064001 ],
        "태안군" : [	126.2808032,	36.70386085 ],
        "부여군" : [    126.9118639,	36.27282222 ],
    },
    "전라북도" : {
        "전주시" : [	127.1219194,	35.80918889 ],
        "익산시" : [	126.989503,	    36.02314348 ],
        "정읍시" : [	126.9058697,	35.6026358 ],
        "남원시" : [	127.4419364,	35.42253429 ],
        "군산시" : [    126.7388444,	35.96464167 ],
        "김제시" : [	126.8948294,	35.80671465 ],